insert into WhistleBlowers
	VALUES(16787,'Kowalski', 'Miros³aw', '748886986');
insert into WhistleBlowers
	VALUES(19600,'Janicki', 'Rudolf', '765002772');
insert into WhistleBlowers
	VALUES(94969,'£ukasik', 'Alfons', '416949276');
insert into WhistleBlowers
	VALUES(43665,'Sawicka', 'Daria', '650855295');
insert into WhistleBlowers
	VALUES(91862,'Grzelak', 'Eugenia', '955310665');
insert into WhistleBlowers
	VALUES(35287,'Tomczyk', 'Nela', '230191560');
insert into WhistleBlowers
	VALUES(112,'Sadowska', 'Wiktoria', '704349057');
insert into WhistleBlowers
	VALUES(2646,'Leœniak', 'Wojciech', '737992407');
insert into WhistleBlowers
	VALUES(65538,'Szczepaniak', 'Sabina', '196493759');
insert into WhistleBlowers
	VALUES(32906,'Mazurek', 'Bogus³awa', '852309255');
insert into WhistleBlowers
	VALUES(11869,'Musia³', 'Olena', '777157299');
insert into WhistleBlowers
	VALUES(19965,'Sadowski', 'Edmund', '463648851');
insert into WhistleBlowers
	VALUES(80134,'Janik', 'Miros³awa', '629054756');
insert into WhistleBlowers
	VALUES(94231,'Kurek', 'Roksana', '117453670');
insert into WhistleBlowers
	VALUES(75393,'Musia³', 'Zdzis³awa', '268518244');

insert into People
	VALUES('05312150449', NULL, 'Kucharska', 'Bogumila', 'Rzeszow', 'PCK', '351335898', 'Female', '2005-11-21');
insert into People
	VALUES('02322447086', NULL, 'Dziedzic', 'Marzenna', 'Kalisz', 'Sienkiewicza', '970905589', 'Female', '2002-12-24');
insert into People
	VALUES('58121479065', NULL, 'Kurowska', 'Salomea', 'Krakow', 'Makowa', '777833190', 'Female', '1958-12-14');
insert into People
	VALUES('54080672785', NULL, 'Michalak', 'Waleria', 'BialaPodlaska', 'Reymonta', '037604812', 'Female', '1954-08-06');
insert into People
	VALUES('28062267595', NULL, 'Blaszczyk', 'Wladyslaw', 'BialaPodlaska', 'Reymonta', '657900249', 'Male', '1928-06-22');
insert into People
	VALUES('97013106971', NULL, 'Duda', 'Konstanty', 'Ostroleka', 'Orzeszkowej', '212189980', 'Male', '1954-08-06');
insert into People
	VALUES('58010581316', NULL, 'Pawlowski', 'Marcin', 'Myslowice', 'Akacjowa', '452661088', 'Male', '1958-01-05');
insert into People
	VALUES('61081248361', NULL, 'Zieba', 'Hildegarda', 'Gdansk', 'Lesna', '914364714', 'Female', '1961-08-12');
insert into People
	VALUES('64012695340', NULL, 'Madej', 'Wioletta', 'Tychy', 'Bema', '775978010', 'Female', '1964-01-26');
insert into People
	VALUES('08301509534', NULL, 'Wasilewski', 'Viktor', 'Lodz', 'Chabrowa', '673253116', 'Male', '2008-10-15');

insert into PoliceStations
	VALUES(1, 'Zamoœæ', 'Struga', '830159560');
insert into PoliceStations
	VALUES(2, 'Olsztyn', 'PCK', '815597843');
insert into PoliceStations
	VALUES(3, 'Przemyœl', 'Ludowa', '434382830');
insert into PoliceStations
	VALUES(4, 'Olsztyn', 'Klasztorna', '364639289');
insert into PoliceStations
	VALUES(5, 'Œwinoujœcie', 'Narcyzowa', '510310119');
insert into PoliceStations
	VALUES(6, 'GorzówWielkopolski', 'Ogrodowa', '518171870');
insert into PoliceStations
	VALUES(7, 'S³upsk', 'Dworcowa', '490887992');
insert into PoliceStations
	VALUES(8, 'Ostro³êka', 'Kadetów', '278933058');
insert into PoliceStations
	VALUES(9, 'Lodz', 'Ogrodowa', '714351356');
insert into PoliceStations
	VALUES(10, 'Bia³ystok', 'Skromna', '451348254')

insert into Policemen
	VALUES('788145', 'Paw³owski', 'Tobiasz', 'Warszawa', 'Sosnowa', '752063870',9);
insert into Policemen
	VALUES('242094', 'Stêpieñ', 'Beata', 'Ostro³êka', 'Kasztanowa' ,'857112439',8);
insert into Policemen
	VALUES('769251', 'Ciesielska', 'Sonia', 'Bia³ystok','S³owackiego', '750929668',10);
insert into Policemen
	VALUES('256604', 'Ma³ecka', 'Joanna', 'Olsztyn','Grunwaldzka', '922426019',2);
insert into Policemen
	VALUES('730396', 'Olejnik', 'Teofila', 'Olsztyn','Bielawska', '191933603',4);
insert into Policemen
	VALUES('448783', 'Janicka', 'Anatola', 'Zamoœæ','Bema', '857112439',1);
insert into Policemen
	VALUES('329481', 'Barañska', 'Alicja', 'S³upsk','Dworcowa', '750929668',7);
insert into Policemen
	VALUES('159462', 'Zió³kowski', 'Ludwika', 'Przemyœl','Tulipanowa','922426019',3);
insert into Policemen
	VALUES('657533', 'Janicka', 'Teresa', 'Œwinoujœcie','Arlekina', '639472529',5);
insert into Policemen
	VALUES('953079', 'G³owacka', 'Otylia', 'GorzowWielkopolski','Krzywoñ','836626459',6);

insert into Events
	VALUES(266991, '2006-12-31', '11:48', 'Zamoœæ', 'Bazyliowa', 'solved', NULL, '448783');
insert into Events
	VALUES(710565, '2013-10-12', '12:17', 'Zamoœæ', 'Krystaliczna', 'unsolved', NULL, '448783');
insert into Events
	VALUES(888745, '2022-02-09', '04:47', 'Bia³ystok', 'Bazyliowa', 'unsolved', NULL, '769251');
insert into Events
	VALUES(604299, '2001-11-26', '18:08', 'Bia³ystok', 'Grzeskowa', 'unsolved', NULL, '769251');
insert into Events
	VALUES(104757, '2021-02-11', '11:48', 'S³upsk', 'Bielska', 'unsolved', NULL, '329481');
insert into Events
	VALUES(494249, '2004-07-03', '12:17', 'S³upsk', 'Porzeczkowa', 'unsolved', NULL, '329481');
insert into Events
	VALUES(895254, '2005-04-08', '03:12', 'Œwinoujœcie', 'Kameliowa', 'solved', NULL, '657533');
insert into Events
	VALUES(752019, '2017-06-15', '18:25', 'Œwinoujœcie', 'Habrowa', 'unsolved', NULL, '657533');
insert into Events
	VALUES(68477, '2006-04-08', '10:51', 'Przemyœl', 'Lukrecjowa', 'unsolved', NULL, '159462');
insert into Events
	VALUES(903006, '2000-03-23', '18:04', 'Przemyœl', 'Akacjowa', 'unsolved', NULL, '159462');
insert into Events
	VALUES(217439, '2010-05-24', '16:17', 'Ostro³êka', 'Mod³owa', 'unsolved', NULL, '242094');
insert into Events
	VALUES(567706, '2006-07-19', '12:35', 'Ostro³êka', 'Cukiernicza', 'unsolved', NULL, '242094');

insert into Registrations 
	VALUES(723596, '2006-04-08', '10:10', NULL, 'Przemysl', 'Lukrecjowa', 19600, 68477, 159462);
insert into Registrations 
	VALUES(2443, '2021-02-11', '11:03', NULL, 'Slupsk', 'Bielska', 43665, 104757, 329481);
insert into Registrations
	VALUES(67543, '2010-05-24', '15:34', NULL, 'Ostroleka', 'Kameliowa', 2646, 217439, 242094);
insert into Registrations 
	VALUES(43212, '2006-12-31', '11:11', NULL, 'Zamosc', 'Mietowa', 16787, 266991, 448783);
insert into Registrations 
	VALUES(5134, '2004-07-03', '11:53', NULL, 'Slupsk', 'Gradowa', 112, 494249, 329481);
insert into Registrations
	VALUES(34, '2006-07-19', '12:22', NULL, 'Ostroleka', 'Cukiernicza', 19600, 567706, 242094);
insert into Registrations
	VALUES(1332, '2001-11-26', '17:34', NULL, 'Bia³ystok', 'Grzeskowa', 2646, 604299, 769251);
insert into Registrations 
	VALUES(12, '2013-10-12', '11:51', NULL, 'Zamosc', 'Krystaliczna', 16787, 710565, 448783);
insert into Registrations 
	VALUES(1, '2017-06-15', '18:25', NULL, 'Œwinoujœcie', 'Habrowa', 112, 752019, 657533);
insert into Registrations
	VALUES(33332, '2000-03-23', '18:04', NULL, 'Przemyœl', 'Akacjowa', 80134, 903006, 159462);

insert into Cases
	VALUES (1233, '2006-04-08', 'unsolved', 'Murder', NULL, 68477, 159462, 3);
insert into Cases
	VALUES (3332, '2021-02-11', 'unsolved', 'Mugging', NULL, 104757, 329481, 7);
insert into Cases
	VALUES (532, '2010-05-24', 'unsolved', 'Roberry', NULL, 217439, 242094, 8);
insert into Cases
	VALUES (7773, '2006-12-31', 'unsolved', 'Rape', NULL, 266991, 448783, 1);
insert into Cases
	VALUES (1123, '2004-07-03', 'solved', 'Murder', NULL, 494249, 329481, 7);
insert into Cases
	VALUES (7613, '2006-07-19', 'solved', 'Smuglling', NULL, 567706, 242094, 3);
insert into Cases
	VALUES (6664, '2001-11-26', 'unsolved', 'Assult', NULL , 604299, 769251, 10);
insert into Cases
	VALUES (4321, '2013-10-12', 'solved', 'Robery', NULL, 710565, 448783, 1);
insert into Cases
	VALUES (6666, '2017-06-15', 'unsolved', 'Mugging', NULL, 752019, 657533, 5);
insert into Cases
	VALUES (8732, '2000-03-23', 'solved', 'Rape', NULL, 903006, 159462, 3);

insert into Witnesses
	VALUES (332223, NULL, 6666, '28062267595');
insert into Witnesses
	VALUES (142344, NULL, 4321, '54080672785');
insert into Witnesses
	VALUES (2332, NULL, 4321, '97013106971');
insert into Witnesses
	VALUES (13221, NULL, 7613, '02322447086');
insert into Witnesses
	VALUES (54433, NULL, 6666, '05312150449');
insert into Witnesses
	VALUES (123, NULL, 1123, '58010581316');
insert into Witnesses
	VALUES (4433, NULL, 7613, '64012695340');
insert into Witnesses
	VALUES (99333, NULL, 7613, '61081248361');
insert into Witnesses
	VALUES (43244, NULL, 7773, '58121479065');
insert into Witnesses
	VALUES (11223, NULL, 7773, '08301509534');

insert into Accused
	VALUES (56664, NULL, 532, '02322447086');
insert into Accused
	VALUES (12124, NULL, 532, '05312150449');
insert into Accused
	VALUES (18593, NULL, 1123, '08301509534');
insert into Accused
	VALUES (99233, NULL, 3332, '28062267595');
insert into Accused
	VALUES (17675, NULL, 4321, '54080672785');
insert into Accused
	VALUES (18888, NULL, 6664, '61081248361');
insert into Accused
	VALUES (15555, NULL, 6666, '58121479065');
insert into Accused
	VALUES (23452, NULL, 7613, '58010581316');
insert into Accused
	VALUES (62643, NULL, 7773, '64012695340');
insert into Accused
	VALUES (75434, NULL, 8732, '97013106971');

insert into Victims
	VALUES (809286, NULL, 8732, '02322447086');
insert into Victims
	VALUES (337672, NULL, 7773, '05312150449');
insert into Victims
	VALUES (792261, NULL, 7613, '08301509534');
insert into Victims
	VALUES (780113, NULL, 6666, '28062267595');
insert into Victims
	VALUES (915662, NULL, 6664, '54080672785');
insert into Victims
	VALUES (562233, NULL, 4321, '61081248361');
insert into Victims
	VALUES (799166, NULL, 3332, '58121479065');
insert into Victims
	VALUES (477205, NULL, 1233, '58010581316');
insert into Victims
	VALUES (923949, NULL, 1123, '64012695340');
insert into Victims
	VALUES (443775, NULL, 532, '97013106971');

insert into Searchings 
	VALUES (753462, 'Slupsk', 'Lukrecjowa', '2021-02-11', '14:23', NULL, 329481, 3332);
insert into Searchings 
	VALUES (153255, 'Slupsk', 'Wloska', '2021-02-11', '18:32', NULL, 329481, 3332);
insert into Searchings 
	VALUES (134152, 'Slupsk', 'Lukrecjowa', '2021-03-01', '09:34', NULL, 329481, 3332);
insert into Searchings 
	VALUES (534287, 'Œwinoujœcie', 'Bazyliowa', '2017-07-11', '11:31', NULL, 657533, 6666);
insert into Searchings 
	VALUES (683424, 'Œwinoujœcie', 'Piastowska', '2017-06-17', '08:45', NULL, 657533, 6666);
insert into Searchings 
	VALUES (215255, 'Œwinoujœcie', 'Chlopska', '2017-07-01', '19:16', NULL, 657533, 6666);
insert into Searchings 
	VALUES (254236, 'Ostro³êka', 'Tulipanowa', '2010-05-27', '14:13', NULL, 242094, 532);
insert into Searchings 
	VALUES (423565, 'Ostro³êka', 'Grunwaldzka', '2010-05-30', '18:23', NULL, 242094, 532);
insert into Searchings 
	VALUES (543644, 'Ostro³êka', 'Tarczynskiego', '2010-05-31', '11:26', NULL, 242094, 532);
insert into Searchings 
	VALUES (412522, 'Przemyœl', 'Mietowa', '2006-04-09', '13:46', NULL, 159462, 1233);

insert into Interrogations
	VALUES (534255, '2006-04-09', '17:42', NULL, 1233, '64012695340', 159462);
insert into Interrogations
	VALUES (155334, '2006-04-14', '10:34', NULL, 1233, '08301509534', 159462);
insert into Interrogations
	VALUES (421453, '2006-04-12', '07:22', NULL, 1233, '58010581316', 159462);
insert into Interrogations
	VALUES (645645, '2010-06-01', '08:34', NULL, 532, '97013106971', 242094);
insert into Interrogations
	VALUES (737477, '2010-05-31', '23:28', NULL, 532, '05312150449', 242094);
insert into Interrogations
	VALUES (545444, '2010-05-29', '17:50', NULL, 532, '02322447086', 242094);
insert into Interrogations
	VALUES (231444, '2017-07-08', '16:16', NULL, 6666, '58121479065', 657533);
insert into Interrogations
	VALUES (433211, '2017-07-12', '17:57', NULL, 6666, '05312150449', 657533);
insert into Interrogations
	VALUES (657542, '2017-07-23', '20:11', NULL, 6666, '28062267595', 657533);
insert into Interrogations
	VALUES (143537, '2021-02-24', '08:11', NULL, 3332, '58121479065', 329481);

	select * from Cases where EventID = 68477
	select * from Registrations where EventID = 68477
	Select * from Events where EventID = 68477
	delete from Events where EventID = 68477
	select * from Events where EventID = 68477
	select * from Cases where EventID = 68477
	select * from Registrations where EventID = 68477